collected_at,handle,display_name,ticker,company,post_created_at,post_text,source_url,topic,stance,summary
2026-09-26 09:08:00,yuutaihiroto,桐谷広人・桐谷さん【公式】,3418,株式会社バルニバービ,2026-09-26 07:18:06,"9月24日の夜、バルニバービーの9月までの優待券(去年届いていた)を発見😲
25日、抗がん剤の点滴の後使おうと2時15分にお店へ(ランチタイムは2時半LO)。
携帯に優待6000円分を入れ、アイコンを作り3時過ぎにレジへ。
しかし、入っていません😱
いろいろやってたら、携帯の電池切れに😅
ジェーソンのコード持ってたので、コンセントに挿しながら1時間悪戦苦闘。
4時11分優待で払えました😀",https://x.com/yuutaihiroto/status/2103610018134401107,優待,中立,バルニバービの株主優待電子チケットを店舗で利用した経緯を報告した。株価や業績に関する見通しの記載はない。
2026-09-26 09:08:00,noatake1127,たけぞう,285A,キオクシアホールディングス株式会社,2026-09-26 06:42:37,キオクシア株、本格反転はいつ？　担当記者とロンドン×東京で語る,https://x.com/noatake1127/status/2103601088444391900,材料,中立,日経のキオクシア株に関する記事リンクを共有した。本人の先行き判断は本文に明示されていない。
2026-09-26 09:08:00,noatake1127,たけぞう,7120,株式会社ＳＨＩＮＫＯ,2026-09-26 07:55:00,"10月26日（月）＜広島･尾道＞ SHINKO、ロココ による会社説明会＋“50億稼いだ伝説のディーラー” たけぞう 氏 による株式講演会

よろしくお願い致します",https://x.com/noatake1127/status/2103619306072523263,材料,中立,尾道で開催するSHINKOの会社説明会と自身の講演を知告した。投資判断の記載はない。
2026-09-26 09:08:00,noatake1127,たけぞう,5868,株式会社ロココ,2026-09-26 07:55:00,"10月26日（月）＜広島･尾道＞ SHINKO、ロココ による会社説明会＋“50億稼いだ伝説のディーラー” たけぞう 氏 による株式講演会

よろしくお願い致します",https://x.com/noatake1127/status/2103619306072523263,材料,中立,尾道で開催するロココの会社説明会と自身の講演を知告した。投資判断の記載はない。
