収集日時,テーマ,投稿URL,投稿者名,アカウント,投稿本文,投稿日時(UTC),いいね,リポスト,返信,引用,ブックマーク,表示回数,投稿者フォロワー数,規模対比の所見,なぜ伸びた可能性があるか,冒頭フック,投稿構造,特徴的な切り口,備考
2026-09-30 08:06 JST,副業/転職,https://x.com/ruru_yamada1024/status/2104914393335300377,山田瑠々,@ruru_yamada1024,"【ご報告】
昨日お伝えする予定だった今後について、きちんと自分の言葉でお伝えするために、少しお時間をいただきました。
ご報告が遅くなり、申し訳ありません。

このたび、株式会社LiveDashを設立し、代表取締役に就任しました。
ライブ配信を行う方のマネジメントを行う会社です。

学生の頃からライバーとして活動し、応援してくださる方々のおかげで、一人ではできなかった経験をたくさんさせていただきました。

一方で、配信で得た経験をその先にどうつなげればいいのか分からず、立ち止まった時期もありました。

だからこそ、配信者として活動するだけでなく、今度は支える側にも回りたいと考え、自分で事業を立ち上げる道を選びました。

前職には入社前から、ライバー活動を続けることや、会社を立ち上げて事業にも挑戦したいと考えていることをお伝えしていました。
本年4月には副業申請を行い、許可をいただいたうえで活動しておりました。

当初は会社員として働きながら事業運営を行うつもりでしたが、実際に事業の準備を進めていくなかで、どちらにも十分な時間をかけることが難しいと感じ、悩んだ結果、事業に専念する断念をしました。

短い期間で退職する断念となったことについては、受け入れてくださった前職の皆様に、本当に申し訳なく思っています。

それでも、私の考えを受け止め、最後まで意思を尊重してくださったことに、心から感謝しています。

一部で事実と異なる内容も見かけますが、私がこれから取り組んでいくのは、このLiveDashという事業です。

これまで応援してくださった皆様に恩返しができるよう、一つずつ進めていきます。

引き続きよろしくお願いいたします。",2026-09-29 12:41:13 UTC,1746,154,336,361,736,2871554,11611,フォロワー約1.1万に対し表示287万・引用361と異常に大きい。文章単体の拡散ではなく炎上・時事の外部要因が主因。,新卒入社直後の副業申請・短期退職という規範違反が、会社員層の正義感と嘲笑欲を同時に刺激。公式声明体の丁寧文がツッコミ材料になった。,【ご報告】＋遅延の謝罪。公式発表フレームで権威を先に置く。,単発長文。謝罪→事業発表→過去の正当性→副業許可の証拠提示→退職の正当化→再謝罪→今後の宣言。心理遷移は防御。CTAは継続フォロー依頼。,自己正当化の丁寧語。外部炎上要因と文章構造を分離して観測すべき。,有名人・炎上案件。構造摺擬の投稿素材としては不適。転職PAINの社会反応観測用。
2026-09-30 08:06 JST,転職,https://x.com/7o_fire/status/2104904272718799301,ナナオ,@7o_fire,"同僚の退職ムーブが強すぎる。

・9月末：最終出社
・10月：特別休暇
・11〜12月：有給フル消化
・12月中旬：冬ボーナス満額ゲット
・12月末：退職

会社の制度を120%使い倒してて強すぎるんだが、これってモンスター社員？それとも天才社員？",2026-09-29 12:01:00 UTC,1294,60,75,33,242,599971,2244,フォロワー2244に対し表示約60万・いいね1294。中規模アカウントとしては突出。,制度を使い切る退職タイムラインが具体。二択CTAが返信を誘発。会社員の羨望と嫌悪が同時に乗る。,同僚の退職ムーブが強すぎる。評価語で視線を奪う。,単発。観察宣言→箇条書き時系列→制度120%→二択問い。心理遷移は驚き→計算の可視化→ジャッジ依頼。,退職をストーリーではなくスケジュール表として見せる。数字月次で再現可能に見える。,夏目ラインの転職PAINに接続しやすい。制度悪用可否の議論が返信欄。
